{"LogReg": 0.5434782608695652, "RandomForest": 0.5543478260869565, "XGBoost": 0.5489130434782609}